Store_ID,Revenue,Units_Sold,Store_Rating,Cluster
STR_101,5169675266.877,226670,4.250182542316628,2
STR_102,5186276605.84,228384,4.250981033355134,2
STR_103,5223064263.804,229475,4.250714052109452,0
STR_104,5165937477.7155,228580,4.250500762029175,2
STR_105,5161898681.873,227715,4.245418197536201,2
STR_106,5040776297.4475,223084,4.2494674950077655,1
STR_107,5107832301.6925,229403,4.2481720665499125,1
STR_108,5078321969.4995,223994,4.249977836879433,1
